<?xml version="1.0" encoding="utf-8"?>
<vector xmlns:android="http://schemas.android.com/apk/res/android"
        android:width="640dp"
        android:height="480dp"
        android:viewportWidth="13"
        android:viewportHeight="13">
    <path
        android:fillColor="#bd3d44"
        android:pathData="M0 0h13v1h-13Z" />
    <path
        android:fillColor="#fff"
        android:pathData="M0 1h13v1h-13Z" />
    <path
        android:fillColor="#bd3d44"
        android:pathData="M0 2h13v1h-13Z" />
    <path
        android:fillColor="#fff"
        android:pathData="M0 3h13v1h-13Z" />
    <path
        android:fillColor="#bd3d44"
        android:pathData="M0 4h13v1h-13Z" />
    <path
        android:fillColor="#fff"
        android:pathData="M0 5h13v1h-13Z" />
    <path
        android:fillColor="#bd3d44"
        android:pathData="M0 6h13v1h-13Z" />
    <path
        android:fillColor="#fff"
        android:pathData="M0 7h13v1h-13Z" />
    <path
        android:fillColor="#bd3d44"
        android:pathData="M0 8h13v1h-13Z" />
    <path
        android:fillColor="#fff"
        android:pathData="M0 9h13v1h-13Z" />
    <path
        android:fillColor="#bd3d44"
        android:pathData="M0 10h13v1h-13Z" />
    <path
        android:fillColor="#fff"
        android:pathData="M0 11h13v1h-13Z" />
    <path
        android:fillColor="#bd3d44"
        android:pathData="M0 12h13v1h-13Z" />
    <path
        android:fillColor="#192f5d"
        android:pathData="M0 0h5.2v7h-5.2Z" />

    <group android:translateX="0.2" android:translateY="0.2" android:scaleX="0.009" android:scaleY="0.012">
        <path
            android:fillColor="#fff"
            android:pathData="M 48,54 L 31,42 15,54 21,35 6,23 25,23 32,4 40,23 58,23 42,35 z" />
    </group>
    <group android:translateX="1.0" android:translateY="0.2" android:scaleX="0.009" android:scaleY="0.012">
        <path
            android:fillColor="#fff"
            android:pathData="M 48,54 L 31,42 15,54 21,35 6,23 25,23 32,4 40,23 58,23 42,35 z" />
    </group>
    <group android:translateX="1.8" android:translateY="0.2" android:scaleX="0.009" android:scaleY="0.012">
        <path
            android:fillColor="#fff"
            android:pathData="M 48,54 L 31,42 15,54 21,35 6,23 25,23 32,4 40,23 58,23 42,35 z" />
    </group>
    <group android:translateX="2.6" android:translateY="0.2" android:scaleX="0.009" android:scaleY="0.012">
        <path
            android:fillColor="#fff"
            android:pathData="M 48,54 L 31,42 15,54 21,35 6,23 25,23 32,4 40,23 58,23 42,35 z" />
    </group>
    <group android:translateX="3.4" android:translateY="0.2" android:scaleX="0.009" android:scaleY="0.012">
        <path
            android:fillColor="#fff"
            android:pathData="M 48,54 L 31,42 15,54 21,35 6,23 25,23 32,4 40,23 58,23 42,35 z" />
    </group>
    <group android:translateX="4.2" android:translateY="0.2" android:scaleX="0.009" android:scaleY="0.012">
        <path
            android:fillColor="#fff"
            android:pathData="M 48,54 L 31,42 15,54 21,35 6,23 25,23 32,4 40,23 58,23 42,35 z" />
    </group>


    <group android:translateY="1.4">
        <group android:translateX="0.2" android:translateY="0.2" android:scaleX="0.009" android:scaleY="0.012">
            <path
                android:fillColor="#fff"
                android:pathData="M 48,54 L 31,42 15,54 21,35 6,23 25,23 32,4 40,23 58,23 42,35 z" />
        </group>
        <group android:translateX="1.0" android:translateY="0.2" android:scaleX="0.009" android:scaleY="0.012">
            <path
                android:fillColor="#fff"
                android:pathData="M 48,54 L 31,42 15,54 21,35 6,23 25,23 32,4 40,23 58,23 42,35 z" />
        </group>
        <group android:translateX="1.8" android:translateY="0.2" android:scaleX="0.009" android:scaleY="0.012">
            <path
                android:fillColor="#fff"
                android:pathData="M 48,54 L 31,42 15,54 21,35 6,23 25,23 32,4 40,23 58,23 42,35 z" />
        </group>
        <group android:translateX="2.6" android:translateY="0.2" android:scaleX="0.009" android:scaleY="0.012">
            <path
                android:fillColor="#fff"
                android:pathData="M 48,54 L 31,42 15,54 21,35 6,23 25,23 32,4 40,23 58,23 42,35 z" />
        </group>
        <group android:translateX="3.4" android:translateY="0.2" android:scaleX="0.009" android:scaleY="0.012">
            <path
                android:fillColor="#fff"
                android:pathData="M 48,54 L 31,42 15,54 21,35 6,23 25,23 32,4 40,23 58,23 42,35 z" />
        </group>
        <group android:translateX="4.2" android:translateY="0.2" android:scaleX="0.009" android:scaleY="0.012">
            <path
                android:fillColor="#fff"
                android:pathData="M 48,54 L 31,42 15,54 21,35 6,23 25,23 32,4 40,23 58,23 42,35 z" />
        </group>
    </group>


    <group android:translateY="2.9">
        <group android:translateX="0.2" android:translateY="0.2" android:scaleX="0.009" android:scaleY="0.012">
            <path
                android:fillColor="#fff"
                android:pathData="M 48,54 L 31,42 15,54 21,35 6,23 25,23 32,4 40,23 58,23 42,35 z" />
        </group>
        <group android:translateX="1.0" android:translateY="0.2" android:scaleX="0.009" android:scaleY="0.012">
            <path
                android:fillColor="#fff"
                android:pathData="M 48,54 L 31,42 15,54 21,35 6,23 25,23 32,4 40,23 58,23 42,35 z" />
        </group>
        <group android:translateX="1.8" android:translateY="0.2" android:scaleX="0.009" android:scaleY="0.012">
            <path
                android:fillColor="#fff"
                android:pathData="M 48,54 L 31,42 15,54 21,35 6,23 25,23 32,4 40,23 58,23 42,35 z" />
        </group>
        <group android:translateX="2.6" android:translateY="0.2" android:scaleX="0.009" android:scaleY="0.012">
            <path
                android:fillColor="#fff"
                android:pathData="M 48,54 L 31,42 15,54 21,35 6,23 25,23 32,4 40,23 58,23 42,35 z" />
        </group>
        <group android:translateX="3.4" android:translateY="0.2" android:scaleX="0.009" android:scaleY="0.012">
            <path
                android:fillColor="#fff"
                android:pathData="M 48,54 L 31,42 15,54 21,35 6,23 25,23 32,4 40,23 58,23 42,35 z" />
        </group>
        <group android:translateX="4.2" android:translateY="0.2" android:scaleX="0.009" android:scaleY="0.012">
            <path
                android:fillColor="#fff"
                android:pathData="M 48,54 L 31,42 15,54 21,35 6,23 25,23 32,4 40,23 58,23 42,35 z" />
        </group>
    </group>


    <group android:translateY="4.3">
        <group android:translateX="0.2" android:translateY="0.2" android:scaleX="0.009" android:scaleY="0.012">
            <path
                android:fillColor="#fff"
                android:pathData="M 48,54 L 31,42 15,54 21,35 6,23 25,23 32,4 40,23 58,23 42,35 z" />
        </group>
        <group android:translateX="1.0" android:translateY="0.2" android:scaleX="0.009" android:scaleY="0.012">
            <path
                android:fillColor="#fff"
                android:pathData="M 48,54 L 31,42 15,54 21,35 6,23 25,23 32,4 40,23 58,23 42,35 z" />
        </group>
        <group android:translateX="1.8" android:translateY="0.2" android:scaleX="0.009" android:scaleY="0.012">
            <path
                android:fillColor="#fff"
                android:pathData="M 48,54 L 31,42 15,54 21,35 6,23 25,23 32,4 40,23 58,23 42,35 z" />
        </group>
        <group android:translateX="2.6" android:translateY="0.2" android:scaleX="0.009" android:scaleY="0.012">
            <path
                android:fillColor="#fff"
                android:pathData="M 48,54 L 31,42 15,54 21,35 6,23 25,23 32,4 40,23 58,23 42,35 z" />
        </group>
        <group android:translateX="3.4" android:translateY="0.2" android:scaleX="0.009" android:scaleY="0.012">
            <path
                android:fillColor="#fff"
                android:pathData="M 48,54 L 31,42 15,54 21,35 6,23 25,23 32,4 40,23 58,23 42,35 z" />
        </group>
        <group android:translateX="4.2" android:translateY="0.2" android:scaleX="0.009" android:scaleY="0.012">
            <path
                android:fillColor="#fff"
                android:pathData="M 48,54 L 31,42 15,54 21,35 6,23 25,23 32,4 40,23 58,23 42,35 z" />
        </group>
    </group>


    <group android:translateY="5.6">
        <group android:translateX="0.2" android:translateY="0.2" android:scaleX="0.009" android:scaleY="0.012">
            <path
                android:fillColor="#fff"
                android:pathData="M 48,54 L 31,42 15,54 21,35 6,23 25,23 32,4 40,23 58,23 42,35 z" />
        </group>
        <group android:translateX="1.0" android:translateY="0.2" android:scaleX="0.009" android:scaleY="0.012">
            <path
                android:fillColor="#fff"
                android:pathData="M 48,54 L 31,42 15,54 21,35 6,23 25,23 32,4 40,23 58,23 42,35 z" />
        </group>
        <group android:translateX="1.8" android:translateY="0.2" android:scaleX="0.009" android:scaleY="0.012">
            <path
                android:fillColor="#fff"
                android:pathData="M 48,54 L 31,42 15,54 21,35 6,23 25,23 32,4 40,23 58,23 42,35 z" />
        </group>
        <group android:translateX="2.6" android:translateY="0.2" android:scaleX="0.009" android:scaleY="0.012">
            <path
                android:fillColor="#fff"
                android:pathData="M 48,54 L 31,42 15,54 21,35 6,23 25,23 32,4 40,23 58,23 42,35 z" />
        </group>
        <group android:translateX="3.4" android:translateY="0.2" android:scaleX="0.009" android:scaleY="0.012">
            <path
                android:fillColor="#fff"
                android:pathData="M 48,54 L 31,42 15,54 21,35 6,23 25,23 32,4 40,23 58,23 42,35 z" />
        </group>
        <group android:translateX="4.2" android:translateY="0.2" android:scaleX="0.009" android:scaleY="0.012">
            <path
                android:fillColor="#fff"
                android:pathData="M 48,54 L 31,42 15,54 21,35 6,23 25,23 32,4 40,23 58,23 42,35 z" />
        </group>
    </group>

    <!-- Odd stars -->

    <group android:translateY="0.7" android:translateX="0.4">
        <group android:translateX="0.2" android:translateY="0.2" android:scaleX="0.009" android:scaleY="0.012">
            <path
                android:fillColor="#fff"
                android:pathData="M 48,54 L 31,42 15,54 21,35 6,23 25,23 32,4 40,23 58,23 42,35 z" />
        </group>
        <group android:translateX="1.0" android:translateY="0.2" android:scaleX="0.009" android:scaleY="0.012">
            <path
                android:fillColor="#fff"
                android:pathData="M 48,54 L 31,42 15,54 21,35 6,23 25,23 32,4 40,23 58,23 42,35 z" />
        </group>
        <group android:translateX="1.8" android:translateY="0.2" android:scaleX="0.009" android:scaleY="0.012">
            <path
                android:fillColor="#fff"
                android:pathData="M 48,54 L 31,42 15,54 21,35 6,23 25,23 32,4 40,23 58,23 42,35 z" />
        </group>
        <group android:translateX="2.6" android:translateY="0.2" android:scaleX="0.009" android:scaleY="0.012">
            <path
                android:fillColor="#fff"
                android:pathData="M 48,54 L 31,42 15,54 21,35 6,23 25,23 32,4 40,23 58,23 42,35 z" />
        </group>
        <group android:translateX="3.4" android:translateY="0.2" android:scaleX="0.009" android:scaleY="0.012">
            <path
                android:fillColor="#fff"
                android:pathData="M 48,54 L 31,42 15,54 21,35 6,23 25,23 32,4 40,23 58,23 42,35 z" />
        </group>
    </group>

    <group android:translateY="2.1" android:translateX="0.4">
        <group android:translateX="0.2" android:translateY="0.2" android:scaleX="0.009" android:scaleY="0.012">
            <path
                android:fillColor="#fff"
                android:pathData="M 48,54 L 31,42 15,54 21,35 6,23 25,23 32,4 40,23 58,23 42,35 z" />
        </group>
        <group android:translateX="1.0" android:translateY="0.2" android:scaleX="0.009" android:scaleY="0.012">
            <path
                android:fillColor="#fff"
                android:pathData="M 48,54 L 31,42 15,54 21,35 6,23 25,23 32,4 40,23 58,23 42,35 z" />
        </group>
        <group android:translateX="1.8" android:translateY="0.2" android:scaleX="0.009" android:scaleY="0.012">
            <path
                android:fillColor="#fff"
                android:pathData="M 48,54 L 31,42 15,54 21,35 6,23 25,23 32,4 40,23 58,23 42,35 z" />
        </group>
        <group android:translateX="2.6" android:translateY="0.2" android:scaleX="0.009" android:scaleY="0.012">
            <path
                android:fillColor="#fff"
                android:pathData="M 48,54 L 31,42 15,54 21,35 6,23 25,23 32,4 40,23 58,23 42,35 z" />
        </group>
        <group android:translateX="3.4" android:translateY="0.2" android:scaleX="0.009" android:scaleY="0.012">
            <path
                android:fillColor="#fff"
                android:pathData="M 48,54 L 31,42 15,54 21,35 6,23 25,23 32,4 40,23 58,23 42,35 z" />
        </group>
    </group>

    <group android:translateY="3.6" android:translateX="0.4">
        <group android:translateX="0.2" android:translateY="0.2" android:scaleX="0.009" android:scaleY="0.012">
            <path
                android:fillColor="#fff"
                android:pathData="M 48,54 L 31,42 15,54 21,35 6,23 25,23 32,4 40,23 58,23 42,35 z" />
        </group>
        <group android:translateX="1.0" android:translateY="0.2" android:scaleX="0.009" android:scaleY="0.012">
            <path
                android:fillColor="#fff"
                android:pathData="M 48,54 L 31,42 15,54 21,35 6,23 25,23 32,4 40,23 58,23 42,35 z" />
        </group>
        <group android:translateX="1.8" android:translateY="0.2" android:scaleX="0.009" android:scaleY="0.012">
            <path
                android:fillColor="#fff"
                android:pathData="M 48,54 L 31,42 15,54 21,35 6,23 25,23 32,4 40,23 58,23 42,35 z" />
        </group>
        <group android:translateX="2.6" android:translateY="0.2" android:scaleX="0.009" android:scaleY="0.012">
            <path
                android:fillColor="#fff"
                android:pathData="M 48,54 L 31,42 15,54 21,35 6,23 25,23 32,4 40,23 58,23 42,35 z" />
        </group>
        <group android:translateX="3.4" android:translateY="0.2" android:scaleX="0.009" android:scaleY="0.012">
            <path
                android:fillColor="#fff"
                android:pathData="M 48,54 L 31,42 15,54 21,35 6,23 25,23 32,4 40,23 58,23 42,35 z" />
        </group>
    </group>

    <group android:translateY="5.0" android:translateX="0.4">
        <group android:translateX="0.2" android:translateY="0.2" android:scaleX="0.009" android:scaleY="0.012">
            <path
                android:fillColor="#fff"
                android:pathData="M 48,54 L 31,42 15,54 21,35 6,23 25,23 32,4 40,23 58,23 42,35 z" />
        </group>
        <group android:translateX="1.0" android:translateY="0.2" android:scaleX="0.009" android:scaleY="0.012">
            <path
                android:fillColor="#fff"
                android:pathData="M 48,54 L 31,42 15,54 21,35 6,23 25,23 32,4 40,23 58,23 42,35 z" />
        </group>
        <group android:translateX="1.8" android:translateY="0.2" android:scaleX="0.009" android:scaleY="0.012">
            <path
                android:fillColor="#fff"
                android:pathData="M 48,54 L 31,42 15,54 21,35 6,23 25,23 32,4 40,23 58,23 42,35 z" />
        </group>
        <group android:translateX="2.6" android:translateY="0.2" android:scaleX="0.009" android:scaleY="0.012">
            <path
                android:fillColor="#fff"
                android:pathData="M 48,54 L 31,42 15,54 21,35 6,23 25,23 32,4 40,23 58,23 42,35 z" />
        </group>
        <group android:translateX="3.4" android:translateY="0.2" android:scaleX="0.009" android:scaleY="0.012">
            <path
                android:fillColor="#fff"
                android:pathData="M 48,54 L 31,42 15,54 21,35 6,23 25,23 32,4 40,23 58,23 42,35 z" />
        </group>
    </group>

</vector>